[{
	"id": 10100001,
	"description": "Banana Split",
	"stat": "01",
	"pack": 20,
	"size": "48 oz",
	"upc": 4200000001,
	"table": 612,
	"listprice": "7.99",
	"discounttype": "%",
	"dealamount": 10,
	"totalretailamount": 10,
	"netcase": 13,
	"unitmarkupcost": 3,
	"currencycode": "USD",
	"recost": true
}, {
	"id": 10100002,
	"description": "Blueberry Cream Pie",
	"stat": "01",
	"pack": 20,
	"size": "32 oz",
	"upc": 4200000002,
	"table": 612,
	"listprice": "7.99",
	"discounttype": "%",
	"dealamount": 10,
	"totalretailamount": 10,
	"netcase": 13,
	"unitmarkupcost": 3,
	"currencycode": "USD",
	"recost": true
}, {
	"id": 10100003,
	"description": "Chocolate Almond",
	"stat": "01",
	"pack": 20,
	"size": "48 oz",
	"upc": 4200000001,
	"table": 612,
	"listprice": "7.99",
	"discounttype": "%",
	"dealamount": 10,
	"totalretailamount": 10,
	"netcase": 13,
	"unitmarkupcost": 3,
	"currencycode": "USD",
	"recost": true
}, {
	"id": 10100004,
	"description": "Caramel Toffee Crunch",
	"stat": "01",
	"pack": 20,
	"size": "48 oz",
	"upc": 4200000001,
	"table": 612,
	"listprice": "7.99",
	"discounttype": "%",
	"dealamount": 10,
	"totalretailamount": 10,
	"netcase": 13,
	"unitmarkupcost": 3,
	"currencycode": "USD",
	"recost": true
}, {
	"id": 10100005,
	"description": "French Vanilla",
	"stat": "01",
	"pack": 20,
	"size": "32 oz",
	"upc": 4200000001,
	"table": 612,
	"listprice": "7.99",
	"discounttype": "$",
	"dealamount": 10,
	"totalretailamount": 10,
	"netcase": 13,
	"unitmarkupcost": 3,
	"currencycode": "USD",
	"recost": true
}, {
	"id": 10100006,
	"description": "Neapolitan",
	"stat": "01",
	"pack": 20,
	"size": "48 oz",
	"upc": 4200000001,
	"table": 612,
	"listprice": "7.99",
	"discounttype": "$",
	"dealamount": 10,
	"totalretailamount": 10,
	"netcase": 13,
	"unitmarkupcost": 3,
	"currencycode": "USD",
	"recost": true
}, {
	"id": 10100007,
	"description": "Signature Vanilla",
	"stat": "01",
	"pack": 20,
	"size": "48 oz",
	"upc": 4200000001,
	"table": 612,
	"listprice": "7.99",
	"discounttype": "$",
	"dealamount": 10,
	"totalretailamount": 10,
	"netcase": 13,
	"unitmarkupcost": 3,
	"currencycode": "USD",
	"recost": true
}, {
	"id": 10100008,
	"description": "Strawberry Cheesecake",
	"stat": "01",
	"pack": 20,
	"size": "48 oz",
	"upc": 4200000001,
	"table": 612,
	"listprice": "7.99",
	"discounttype": "%",
	"dealamount": 10,
	"totalretailamount": 10,
	"netcase": 13,
	"unitmarkupcost": 3,
	"currencycode": "USD",
	"recost": true
}, {
	"id": 10100009,
	"description": "Blackberry Peach Cobbler",
	"stat": "01",
	"pack": 20,
	"size": "48 oz",
	"upc": 4200000001,
	"table": 612,
	"listprice": "7.99",
	"discounttype": "%",
	"dealamount": 10,
	"totalretailamount": 10,
	"netcase": 13,
	"unitmarkupcost": 3,
	"currencycode": "USD",
	"recost": true
}, {
	"id": 10100010,
	"description": "Original Big Chipper",
	"stat": "01",
	"pack": 20,
	"size": "48 oz",
	"upc": 4200000001,
	"table": 612,
	"listprice": "7.99",
	"discounttype": "%",
	"dealamount": 10,
	"totalretailamount": 10,
	"netcase": 13,
	"unitmarkupcost": 3,
	"currencycode": "USD",
	"recost": true
}]