{
  "view/Master.view.xml": 1614828046993,
  "model/Orders.json": 1614826839904,
  "model/Suppliers.json": 1614826839908,
  "model/Products.json": 1614826839908,
  "model/Vendors.json": 1614826839908,
  "model/Items.json": 1614826839904,
  "model/Exceptions.json": 1614826839896,
  "model/Departments.json": 1614826839896,
  "model/Currency.json": 1614826839896,
  "model/Contracts.json": 1614826839896,
  "model/Categories.json": 1614826839896,
  "model/AdZones.json": 1614826839892,
  "manifest.json": 1614828416688,
  "model/models.js": 1614826839904,
  "model/formatter.js": 1614828046821,
  "controller/NotFound.controller.js": 1614828046585,
  "controller/Master.controller.js": 1614828046409,
  "controller/Detail.controller.js": 1614828046289,
  "controller/BaseController.js": 1614828045925,
  "controller/App.controller.js": 1614828045889,
  "Component.js": 1614828042489,
  "manifest-bundle.zip": 1614828416696,
  "Component-preload.js": 1614828416922,
  "controller/App-dbg.controller.js": 1614828045889,
  "model/formatter-dbg.js": 1614828046821,
  "controller/NotFound-dbg.controller.js": 1614828046585,
  "controller/Master-dbg.controller.js": 1614828046409,
  "controller/Detail-dbg.controller.js": 1614828046289,
  "controller/BaseController-dbg.js": 1614828045925,
  "model/models-dbg.js": 1614826839904,
  "Component-dbg.js": 1614828042489,
  "view/NotFound.view.xml": 1614828047013,
  "i18n/i18n.properties": 1614826839660,
  "view/Detail.view.xml": 1614828046897,
  "view/App.view.xml": 1614828046889,
  "images/mayfield.png": 1614826839892,
  "images/haagendazs.png": 1614826839872,
  "images/graeters.png": 1614826839868,
  "images/fieldbrook.png": 1614826839864,
  "images/caspers.png": 1614826839860,
  "images/bubbies.png": 1614826839856,
  "images/breyers.jpg": 1614826839848,
  "images/bluebell.jpg": 1614826839844,
  "images/benjerrys.png": 1614826839792,
  "images/alamance.png": 1614826839788,
  "fragments/CopyContractDialog.fragment.xml": 1614826839660,
  "css/style.css": 1614826839660,
  "index.html": 1614828046813
}