[{
	"ProductId": "HT-1000",
	"AdZone1OriginalAmount": 1.10,
	"AdZone1Discount": 0.22,
	"AdZone2OriginalAmount": 21.10,
	"AdZone2Discount": 14.22,
	"AdZone3OriginalAmount": 1.10,
	"AdZone3Discount": 0.22,
	"AdZone4OriginalAmount": 1.10,
	"AdZone4Discount": 0.22,
	"AdZone5OriginalAmount": 1.10,
	"AdZone5Discount": 0.22,
	"AdZone6OriginalAmount": 1.10,
	"AdZone6Discount": 0.22,
	"AdZone7OriginalAmount": 1.10,
	"AdZone7Discount": 0.22,
	"AdZone8OriginalAmount": 1.10,
	"AdZone8Discount": 0.22,
	"AdZone9OriginalAmount": 1.10,
	"AdZone9Discount": 0.22,
	"AdZone10OriginalAmount": 1.10,
	"AdZone10Discount": 0.22,
	"AdZone11OriginalAmount": 1.10,
	"AdZone11Discount": 0.22,
	"AdZone12OriginalAmount": 1.10,
	"AdZone12Discount": 0.22,
	"AdZone13OriginalAmount": 1.10,
	"AdZone13Discount": 0.22,
	"AdZone14OriginalAmount": 1.10,
	"AdZone14Discount": 0.22
}]