[{
	"id": "C80001",
	"name": "Contract C80001",
	"department": "FROZEN FOODS - G6",
	"vendor": "Blue Bell Creameries (V1004)",
	"StartDate": "05/20/2020",
	"EndDate": "06/20/2020",
	"NetAmount": 65000,
	"GrossAmount": 75000,
	"CurrencyCode": "USD",
	"Status": "Expired",
	"VendorPicUrl": "./images/bluebell.jpg",
	"Comments": "Lorem ipsum dolor sit amet consectetur adipisicing elit."
}, {
	"id": "C80002",
	"name": "Contract C80002",
	"department": "FROZEN FOODS - G6",
	"vendor": "Bubbies Homemade Ice Cream & Desserts (V1005)",
	"StartDate": "05/20/2020",
	"EndDate": "06/20/2020",
	"NetAmount": 65000,
	"GrossAmount": 75000,
	"CurrencyCode": "USD",
	"Status": "Pending",
	"VendorPicUrl": "./images/bubbies.png",
	"Comments": "Lorem ipsum dolor sit amet consectetur adipisicing elit."
}, {
	"id": "C80003",
	"name": "Contract C80003",
	"department": "FROZEN FOODS - G6",
	"vendor": "Alamance Foods, Inc (V1001)",
	"StartDate": "05/20/2020",
	"EndDate": "06/20/2020",
	"NetAmount": 65000,
	"GrossAmount": 75000,
	"CurrencyCode": "USD",
	"Status": "Pending",
	"VendorPicUrl": "./images/alamance.png",
	"Comments": "Lorem ipsum dolor sit amet consectetur adipisicing elit."
}, {
	"id": "C80004",
	"name": "Contract C80004",
	"department": "FROZEN FOODS - G6",
	"vendor": "Ben & Jerrys Ice Cream (V1002)",
	"StartDate": "05/20/2020",
	"EndDate": "06/20/2020",
	"NetAmount": 65000,
	"GrossAmount": 75000,
	"CurrencyCode": "USD",
	"Status": "Submitted",
	"VendorPicUrl": "./images/benjerrys.png",
	"Comments": "Lorem ipsum dolor sit amet consectetur adipisicing elit."
}, {
	"id": "C80005",
	"name": "Contract C80005",
	"department": "FROZEN FOODS - G6",
	"vendor": "Breyers Ice Cream (V1003)",
	"StartDate": "05/20/2020",
	"EndDate": "06/20/2020",
	"NetAmount": 65000,
	"GrossAmount": 75000,
	"CurrencyCode": "USD",
	"Status": "Approved",
	"VendorPicUrl": "./images/breyers.jpg",
	"Comments": "Lorem ipsum dolor sit amet consectetur adipisicing elit."
}, {
	"id": "C80006",
	"name": "Contract C80006",
	"department": "FROZEN FOODS - G6",
	"vendor": "Caspers Ice Cream (V1006)",
	"StartDate": "05/20/2020",
	"EndDate": "06/20/2020",
	"NetAmount": 65000,
	"GrossAmount": 75000,
	"Status": "Returned",
	"CurrencyCode": "USD",
	"VendorPicUrl": "./images/caspers.png",
	"Comments": "Lorem ipsum dolor sit amet consectetur adipisicing elit."
}, {
	"id": "C80007",
	"name": "Contract C80007",
	"department": "FROZEN FOODS - G6",
	"vendor": "Fieldbrook Foods Inc (V1007)",
	"StartDate": "05/20/2020",
	"EndDate": "06/20/2020",
	"NetAmount": 65000,
	"GrossAmount": 75000,
	"Status": "Pending",
	"CurrencyCode": "USD",
	"VendorPicUrl": "./images/fieldbrook.png",
	"Comments": "Lorem ipsum dolor sit amet consectetur adipisicing elit."
}, {
	"id": "C80008",
	"name": "Contract C80008",
	"department": "FROZEN FOODS - G6",
	"vendor": "Graeters Ice Cream (V1008)",
	"StartDate": "05/20/2020",
	"EndDate": "06/20/2020",
	"NetAmount": 65000,
	"GrossAmount": 75000,
	"Status": "Pending",
	"CurrencyCode": "USD",
	"VendorPicUrl": "./images/graeters.png",
	"Comments": "Lorem ipsum dolor sit amet consectetur adipisicing elit."
}, {
	"id": "C80009",
	"name": "Contract C80009",
	"department": "FROZEN FOODS - G6",
	"vendor": "Haagen-Dazs (V1009)",
	"StartDate": "05/20/2020",
	"EndDate": "06/20/2020",
	"NetAmount": 65000,
	"GrossAmount": 75000,
	"Status": "Returned",
	"CurrencyCode": "USD",
	"VendorPicUrl": "./images/haagendazs.png",
	"Comments": "Lorem ipsum dolor sit amet consectetur adipisicing elit."
}, {
	"id": "C80010",
	"name": "Contract C80010",
	"department": "FROZEN FOODS - G6",
	"vendor": "Mayfield Dairy Farms (V1010)",
	"StartDate": "05/20/2020",
	"EndDate": "06/20/2020",
	"NetAmount": 65000,
	"GrossAmount": 75000,
	"Status": "Submitted",
	"CurrencyCode": "USD",
	"VendorPicUrl": "./images/mayfield.png",
	"Comments": "Lorem ipsum dolor sit amet consectetur adipisicing elit."
}]